{
  "metadata" : {
    "id" : "c0b9986b-2012-4936-aef8-a2b2ce311d3e",
    "name" : "loan_risk_score",
    "modified_at" : "2021-06-21T09:34:04.229Z",
    "created_at" : "2021-06-21T09:34:04.229Z",
    "owner" : "IBMid-270003DYBF",
    "space_id" : "74ead22e-effb-4198-9bff-26e2482470c4"
  },
  "entity" : {
    "name" : "loan_risk_score",
    "space_id" : "74ead22e-effb-4198-9bff-26e2482470c4",
    "custom" : { },
    "online" : { },
    "status" : {
      "state" : "ready",
      "online_url" : {
        "url" : "https://eu-gb.ml.cloud.ibm.com/ml/v4/deployments/c0b9986b-2012-4936-aef8-a2b2ce311d3e/predictions"
      }
    },
    "asset" : {
      "id" : "8f822fd4-d095-4094-8c14-b1b72f549be9"
    }
  },
  "name" : "loan_risk_score",
  "status" : "ready",
  "deployedAt" : "2021-06-21T09:34:04.229Z"
}