{
  "metadata" : {
    "id" : "8f822fd4-d095-4094-8c14-b1b72f549be9",
    "name" : "Loan Risk Score",
    "modified_at" : "2021-06-21T09:11:10.092Z",
    "created_at" : "2021-06-21T09:11:10.092Z",
    "owner" : "IBMid-270003DYBF",
    "space_id" : "74ead22e-effb-4198-9bff-26e2482470c4"
  },
  "entity" : {
    "type" : "pmml_4.4",
    "schemas" : {
      "input" : [ {
        "id" : "in_1",
        "fields" : [ {
          "name" : "creditScore",
          "type" : "double",
          "nullable" : true
        }, {
          "name" : "income",
          "type" : "double",
          "nullable" : true
        }, {
          "name" : "loanAmount",
          "type" : "double",
          "nullable" : true
        }, {
          "name" : "monthDuration",
          "type" : "double",
          "nullable" : true
        }, {
          "name" : "rate",
          "type" : "double",
          "nullable" : true
        }, {
          "name" : "yearlyReimbursement",
          "type" : "double",
          "nullable" : true
        } ]
      } ],
      "output" : [ {
        "id" : "out_1",
        "fields" : [ {
          "name" : "paymentDefault",
          "type" : "integer",
          "nullable" : true
        } ]
      } ]
    }
  },
  "id" : "8f822fd4-d095-4094-8c14-b1b72f549be9",
  "name" : "Loan Risk Score",
  "trainedAt" : "2021-06-21T09:11:10.092Z",
  "modifiedAt" : "2021-06-21T09:11:10.092Z"
}